grid_id,lat,lon,count,freq_5yr,freq_10yr,freq_20yr,total_damages,total_deaths,total_affected,top_month,monthly_dist,risk_slope,severity_score,severity_score_normalized,primary_admin1,unique_locations
-10_-78,-10,-78,1,0,0,0,0.0,1.0,100.0,January,January:1,,-0.42,3.16,Ancash,Huarmey area
-10_160,-10,160,1,0,0,0,0.0,34.0,1001.0,April,April:1,,-0.02,16.21,Guadalcanal,Guadalcanal
-10_34,-10,34,2,0,2,2,0.0,4.0,20736.0,December,December:2,,-0.09,13.95,Karonga,Karonga district
-11_162,-11,162,1,0,0,0,0.0,1.0,500.0,August,August:1,,-0.42,3.16,Makira Ulawa,San Cristobal
-11_166,-11,166,2,1,1,1,2000.0,10.0,3329.0,February,February:1;April:1,,0.22,24.09,Temotu,"Temotu, Temotu province"
-12_-75,-12,-75,2,0,0,0,10000.0,153.0,3216.0,March,March:1;October:1,,0.62,37.51,Junin,Huancayo
-12_-77,-12,-77,2,0,0,0,10000.0,84.0,43819.0,April,April:1;October:1,,0.54,34.8,Lima,"Lima area, Lima region"
-12_44,-12,44,1,1,1,1,0.0,0.0,10000.0,March,March:1,,-0.51,0.0,Nzwani,Anjouan Island
-13_-74,-13,-74,1,0,0,1,1100.0,0.0,6580.0,October,October:1,,-0.33,6.03,Ayacucho,Chuschi area
-13_-76,-13,-76,3,0,2,3,600000.0,594.0,665447.0,January,January:1;August:1;October:1,0.0,1.06,51.89,Ica,"Chincha, San Vicente de Canete"
-14_-171,-14,-171,1,0,1,1,0.0,34.0,2500.0,September,September:1,,-0.02,16.21,Eastern, Tula
-14_-72,-14,-72,1,1,1,1,0.0,8.0,604.0,September,September:1,,-0.21,10.02,Cusco,Paruro-Cuzco
-14_-73,-14,-73,1,0,0,1,0.0,4.0,3965.0,August,August:1,,-0.29,7.34,Apurimac,Antabamba
-14_-74,-14,-74,3,0,0,0,1000.0,25.0,15271.0,April,April:1;June:1;November:1,,0.46,32.11,Ayacucho,"Ayacucho, Ayacucho area"
-14_167,-14,167,1,0,0,1,0.0,0.0,503.0,November,November:1,,-0.51,0.0,Torba,Merelava
-14_34,-14,34,1,0,0,0,28000.0,9.0,50100.0,March,March:1,,0.07,19.32,Salima,Salima district
-15_-71,-15,-71,1,1,1,1,0.0,1.0,257.0,December,December:1,,-0.42,3.16,Puno, Paratia cities 
-15_-72,-15,-72,1,0,0,1,0.0,2.0,155.0,December,December:1,,-0.36,5.01,Arequipa,Cayarani
-15_-74,-15,-74,1,0,0,0,0.0,53.0,45750.0,April,April:1,,0.04,18.19,Ayacucho,Mayobamba
-15_-75,-15,-75,2,1,1,1,0.0,16.0,85289.0,January,January:1;November:1,,0.08,19.53,Arequipa," Acari, Nazca"
-15_167,-15,167,1,0,0,0,0.0,0.0,2.0,July,July:1,,-0.51,0.0,Sanma,Espiritu Santo
-15_168,-15,168,1,0,0,1,0.0,12.0,14100.0,November,November:1,,-0.16,11.7,Penama,Pentecost
-16_-174,-16,-174,1,0,1,1,0.0,34.0,2500.0,September,September:1,,-0.02,16.21,Niuas,Niuatoputapu
-16_-72,-16,-72,7,2,2,4,300000.0,237.0,372629.0,January,January:1;February:1;April:1;June:1;July:1;August:1;September:1,0.0,1.26,58.42,Arequipa," Chivay, Arequipa, Arequipa Area, Maca Arequipa region"
-16_168,-16,168,1,0,0,0,0.0,0.0,0.0,August,August:1,,-0.51,0.0,Malampa,Malakula Island
-17_-70,-17,-70,1,0,0,1,5000.0,11.0,27645.0,June,June:1,,0.05,18.67,Tacna,Candarave
-18_-45,-18,-45,1,0,0,1,0.0,1.0,286.0,December,December:1,,-0.42,3.16,Minas Gerais,Minas Gerais
-18_-65,-18,-65,1,0,0,1,0.0,95.0,18050.0,May,May:1,,0.12,20.81,Cochabamba,Aiquile
-18_168,-18,168,2,0,0,1,0.0,0.0,500.0,January,January:1;March:1,,-0.31,6.61,Shefa,Port Vila
-18_178,-18,178,1,0,0,0,0.0,0.0,0.0,March,March:1,,-0.51,0.0,Western,Fiji Islands
-19_-69,-19,-69,1,0,0,1,5000.0,11.0,27645.0,June,June:1,,0.05,18.67,Tarapaca,Camina
-19_-70,-19,-70,2,1,1,1,101000.0,11.0,518499.0,April,April:1;August:1,,0.33,27.87,Arica Y Parinacota,Arica
-1_-78,-1,-78,1,0,0,0,0.0,2.0,805.0,October,October:1,,-0.36,5.01,Napo,Archidona
-1_-79,-1,-79,3,0,0,0,20000.0,13.0,20091.0,March,March:1;September:1;October:1,0.0,0.45,31.86,Los Rios,"Ambato, Cotopaxi   Pinchincha, Quevedo"
-1_-80,-1,-80,3,2,2,3,2000000.0,676.0,391551.0,April,April:1;May:1;August:1,,1.11,53.52,Manabi," Portoviejo district , Bahia de Caraquez"
-1_101,-1,101,1,0,0,0,0.0,84.0,90218.0,October,October:1,,0.1,20.26,Sumatera Barat,Gunungkerinci
-1_120,-1,120,4,1,2,2,1450000.0,4346.0,2009421.0,August,May:1;August:2;September:1,0.0,1.47,65.36,Sulawesi Tengah," Sigi, Donggala, Palu"
-1_121,-1,121,1,0,0,0,1200.0,9.0,13000.0,January,January:1,,-0.01,16.61,Sulawesi Tengah,Sulawesi Tengah
-1_123,-1,123,1,0,0,1,30000.0,45.0,52770.0,May,May:1,,0.29,26.34,Sulawesi Tengah,Banggai
-1_128,-1,128,1,0,0,0,0.0,1.0,2437.0,October,October:1,,-0.42,3.16,Maluku Utara,Obi Island
-1_132,-1,132,1,1,1,1,0.0,0.0,12247.0,September,September:1,,-0.51,0.0,Papua Barat,Sorong district 
-1_134,-1,134,3,0,1,3,10000.0,13.0,13487.0,January,January:1;September:1;October:1,,0.44,31.27,Papua Barat,"Manokwari, Ransiki"
-1_32,-1,32,1,1,1,1,458000.0,17.0,139601.0,September,September:1,,0.23,24.41,Rakai,Kakuuto district
-21_-175,-21,-175,1,0,0,0,1200.0,1.0,5505.0,June,June:1,,-0.23,9.27,Tongatapu,Tongatapu
-21_33,-21,33,1,0,0,1,0.0,4.0,1476.0,February,February:1,,-0.29,7.34,Manica,Espungabera
-22_-64,-22,-64,1,0,0,0,0.0,0.0,0.0,Unknown,NA,,-0.51,0.0,Tarija,Tarija
-22_-69,-22,-69,1,0,0,1,100000.0,2.0,25155.0,November,November:1,,-0.06,14.93,Antofagasta,Maria Elena
-23_-69,-23,-69,1,0,0,0,400.0,4.0,3006.0,December,December:1,,-0.13,12.5,Antofagasta,Taltal & Catalina
-26_-69,-26,-69,1,0,0,0,1660.0,3.0,1833.0,July,July:1,,-0.13,12.71,Atacama,Chanaral
-26_26,-26,26,2,1,1,2,20000.0,3.0,2060.0,March,March:1;August:1,,0.14,21.46,North West,"Klerksdorp, North West"
-26_28,-26,28,1,0,0,0,0.0,10.0,6.0,October,October:1,,-0.18,10.93,Gauteng,Carletonville
-27_27,-27,27,1,0,0,0,0.0,0.0,0.0,Unknown,NA,,-0.51,0.0,North West,Vaal Reefs goldmine
-29_-178,-29,-178,1,0,0,0,0.0,0.0,0.0,January,January:1,,-0.51,0.0,Northern Islands,Kermadec Islands
-29_-67,-29,-67,1,0,0,1,0.0,0.0,727.0,May,May:1,,-0.51,0.0,La Rioja,Castro Barros
-2_-80,-2,-80,1,0,0,0,0.0,8.0,40.0,August,August:1,,-0.21,10.02,Guayas,Guayaquil
-2_119,-2,119,2,0,1,1,500.0,2.0,3514.0,January,January:1,,0.0,16.97,Sulawesi Barat,"Mamuju, Mamuju regency"
-2_121,-2,121,1,0,0,1,0.0,0.0,2548.0,August,August:1,,-0.51,0.0,Sulawesi Tengah,Poso region
-2_133,-2,133,3,0,0,0,29200.0,719.0,47638.0,February,February:1;June:1;October:1,,1.01,50.16,Papua Barat,"Irian Jaya, West Irian"
-2_136,-2,136,2,0,1,1,0.0,19.0,9605.0,June,June:1;September:1,,0.1,20.27,Papua,"Yapen, Yapen Island"
-2_29,-2,29,3,1,2,3,0.0,84.0,2676.0,January,January:1;February:1;August:1,0.0,0.44,31.56,Iburengerazuba,"Gisenyi region, Kabare, Nyamasheke"
-2_31,-2,31,1,1,1,1,458000.0,17.0,139601.0,September,September:1,,0.23,24.41,Kagera, Karagwe
-2_34,-2,34,1,0,0,1,0.0,2.0,2000.0,May,May:1,,-0.36,5.01,Mara,Bunda area
-2_99,-2,99,1,0,1,1,0.0,530.0,11864.0,October,October:1,,0.35,28.61,Sumatera Barat,Kepulauan Mentawai
-31_-71,-31,-71,2,0,0,0,361400.0,485.0,2369323.0,March,March:1;July:1,,0.88,45.84,Coquimbo,"Coquimbo, Salamnca"
-32_-68,-32,-68,1,0,0,0,80000.0,70.0,40100.0,November,November:1,,0.37,29.16,San Juan,Caucete
-32_-71,-32,-71,1,0,0,0,48000.0,8.0,53098.0,October,October:1,,0.07,19.3,Coquimbo,Choapa
-32_116,-32,116,1,0,0,0,2600.0,0.0,4290.0,October,October:1,,-0.31,6.77,Western Australia,Perth
-32_147,-32,147,1,0,0,0,1000000.0,12.0,2115.0,December,December:1,,0.2,23.59,New South Wales,Newcastle
-33_151,-33,151,1,0,0,0,0.0,0.0,5025.0,August,August:1,,-0.51,0.0,New South Wales,Cessnock
-34_19,-34,19,1,0,0,0,24000.0,9.0,1000.0,September,September:1,,0.07,19.19,Western Cape,Cape Town
-35_-69,-35,-69,1,0,0,0,0.0,6.0,45238.0,January,January:1,,-0.24,8.87,Mendoza,Mendoza province
-36_-72,-36,-72,1,0,0,0,1500000.0,180.0,1482275.0,March,March:1,,0.58,35.95,Maule,Cauquenes
-37_-72,-37,-72,1,0,1,1,100000.0,1.0,24297.0,March,March:1,,-0.12,13.08,Bio-Bio,Bio-Bio
-38_177,-38,177,1,0,0,0,210000.0,1.0,7025.0,March,March:1,,-0.1,13.72,Bay Of Plenty,Bay of Plenty
-39_-72,-39,-72,2,1,2,2,30800000.0,581.0,3353055.0,February,February:1;September:1,,1.02,50.49,Araucania,"Araucania, La Araucania"
-3_102,-3,102,1,0,0,1,41000.0,103.0,204714.0,June,June:1,,0.41,30.33,Bengkulu,Enggano Island
-3_119,-3,119,1,0,0,0,0.0,64.0,6532.0,February,February:1,,0.07,19.03,Sulawesi Barat,Majene
-3_127,-3,127,1,0,0,1,0.0,3.0,1202.0,March,March:1,,-0.32,6.32,Maluku,Buru district
-3_136,-3,136,2,0,0,2,56000.0,69.0,26905.0,February,February:1;November:1,,0.56,35.4,Papua,Nabire
-3_140,-3,140,1,0,1,1,0.0,1.0,95.0,March,March:1,,-0.42,3.16,Papua,Jayapura
-3_29,-3,29,2,0,1,2,0.0,39.0,763.0,February,February:2,,0.2,23.43,Cibitoke,"Bukavu, Cibitoke-Rugombo"
-3_36,-3,36,1,0,0,0,0.0,4.0,500.0,May,May:1,,-0.29,7.34,Arusha,Arusha
-41_-73,-41,-73,1,0,0,0,550000.0,6000.0,2003000.0,May,May:1,,1.03,51.05,Los Lagos,Puerto Montt
-41_173,-41,173,1,0,1,1,3000000.0,1.0,345.0,June,June:1,,-0.03,16.01,Nelson,Nelson
-41_175,-41,175,1,1,1,1,50000.0,0.0,13840.0,July,July:1,,-0.23,9.32,Wellington,Porirua
-42_174,-42,174,1,1,1,1,3900000.0,2.0,50.0,November,November:1,,0.04,18.08,Canterbury, Kaikoura 
-43_171,-43,171,1,0,0,0,2669.0,3.0,314.0,May,May:1,,-0.11,13.12,West Coast,Inangahua
-44_173,-44,173,2,0,2,2,21500000.0,181.0,601502.0,February,February:1;September:1,,0.85,44.88,Canterbury,Christchurch
-46_-73,-46,-73,1,0,0,1,0.0,10.0,0.0,April,April:1,,-0.18,10.93,Aisen Del General Carlos Ibanez Del Campo,Aysen region
-4_-80,-4,-80,1,0,0,0,4000.0,29.0,88112.0,December,December:1,,0.17,22.65,Loja,Loja province
-4_102,-4,102,3,0,0,2,500000.0,30.0,461067.0,February,February:1;September:1;December:1,0.0,0.65,38.26,Bengkulu,"Bengkulu, Bengkulu area"
-4_103,-4,103,2,0,1,2,0.0,3.0,3625.0,June,June:1;September:1,,-0.12,12.93,Sumatera Selatan,Lahat
-4_120,-4,120,2,0,0,0,1100.0,91.0,3205.0,April,April:1;September:1,,0.5,33.26,Sulawesi Selatan,"Parepare, South Sulawesi"
-4_137,-4,137,1,0,0,0,0.0,10.0,7.0,September,September:1,,-0.18,10.93,Papua,Paniai District
-4_139,-4,139,1,0,0,0,0.0,120.0,17196.0,August,August:1,,0.15,21.87,Papua,Jayawijaya
-4_142,-4,142,1,0,0,1,0.0,2182.0,9867.0,July,July:1,,0.55,35.06,Sandaun,Sandaun Province
-4_143,-4,143,1,0,0,0,500.0,0.0,1000.0,June,June:1,,-0.35,5.35,East Sepik,East Sepik province
-4_144,-4,144,1,0,0,1,0.0,4.0,4470.0,September,September:1,,-0.29,7.34,East Sepik,Wewak
-4_40,-4,40,1,0,0,1,500000.0,2.0,0.0,December,December:1,,-0.02,16.31,Mombasa,Mombassa
-5_-36,-5,-36,1,0,0,0,5000.0,1.0,23000.0,November,November:1,,-0.19,10.5,Rio Grande Do Norte,Joao Camara
-5_-78,-5,-78,1,0,0,0,1000.0,200.0,100800.0,May,May:1,,0.4,30.13,Amazonas,Amazonas
-5_-80,-5,-80,1,0,0,0,2000.0,29.0,15252.0,December,December:1,,0.16,22.06,Piura,Piura
-5_130,-5,130,1,0,0,1,0.0,0.0,500.0,August,August:1,,-0.51,0.0,Maluku,Maluku province
-5_145,-5,145,1,0,0,0,1750.0,15.0,4020.0,November,November:1,,0.07,19.07,Madang,Madang
-5_152,-5,152,1,0,0,1,0.0,2.0,5000.0,November,November:1,,-0.36,5.01,East New Britain,East New Britain
-5_30,-5,30,1,0,0,1,0.0,2.0,5000.0,December,December:1,,-0.36,5.01,Kigoma,Kungwe
-5_56,-5,56,1,0,0,1,500000.0,2.0,0.0,December,December:1,,-0.02,16.31,Anse Aux Pins,Anse Aux Pins
-6_-76,-6,-76,2,0,0,1,20000.0,17.0,1577505.0,March,March:1;September:1,,0.35,28.32,San Martin," Tarapoto, Lamas area"
-6_-77,-6,-77,1,0,0,0,100.0,11.0,420.0,June,June:1,,-0.05,15.31,San Martin,Moyobamba
-6_106,-6,106,1,0,0,1,0.0,0.0,469.0,September,September:1,,-0.51,0.0,Banten,Banten
-6_107,-6,107,2,0,0,1,172476.0,207.0,53523.0,February,February:1;July:1,,0.74,41.33,Jawa Barat,"Sumberjaya, West Java Island"
-6_144,-6,144,3,3,3,3,61000.0,181.0,544300.0,March,February:1;March:2,,0.84,44.52,Southern Highlands,"South Highlands, Southern Highlandsand Hela provinces"
-6_145,-6,145,1,0,0,0,5000.0,53.0,20200.0,October,October:1,,0.26,25.52,Eastern Highlands,Goroka
-6_150,-6,150,1,0,0,0,1000.0,0.0,0.0,May,May:1,,-0.33,5.95,West New Britain,West New Britain
-7_106,-7,106,1,0,0,1,0.0,0.0,5500.0,October,October:1,,-0.51,0.0,Banten,Lebak
-7_107,-7,107,4,1,2,3,87400.0,6.0,45731.0,January,January:1;February:1;December:1,0.0,0.51,33.61,Jawa Barat," Bogor , Cibunian, Karyasari, Sukabumi"
-7_108,-7,108,5,1,2,3,176000.0,158.0,404399.0,June,June:1;September:1;November:1;December:1,0.0,1.05,51.43,Jawa Barat,"Bandung Barat, Ciamis regency, Jawa Barat province, Tasikmalaja, West Java"
-7_109,-7,109,2,0,0,0,0.0,0.0,7604.0,February,February:1;July:1,,-0.31,6.61,Jawa Barat,"Brebes area, Kuningan"
-7_112,-7,112,1,0,0,0,5000.0,306.0,2682.0,January,January:1,,0.5,33.45,Jawa Timur,Solo Valley
-7_147,-7,147,3,0,0,2,2625.0,2.0,4401.0,June,February:1;June:2,0.0,0.19,23.09,Morobe,"Lae, Morobe province, Umboi Island"
-7_28,-7,28,1,0,0,1,0.0,2.0,5000.0,December,December:1,,-0.36,5.01,Tanganyika,Tanganyika
-7_39,-7,39,1,0,0,1,500000.0,2.0,0.0,December,December:1,,-0.02,16.31,Dar Es Salaam,Dar Es Salaam
-8_110,-8,110,2,0,0,2,3155000.0,6580.0,3213466.0,May,May:1;July:1,,1.29,59.59,Yogyakarta,"Bantul, Bantul-Yogyakarta"
-8_113,-8,113,2,0,0,1,0.0,55.0,8911.0,February,February:1;September:1,,0.24,24.97,Jawa Timur,"Malang, Malang area"
-8_114,-8,114,1,0,0,0,2200.0,239.0,8720.0,June,June:1,,0.45,31.62,Jawa Timur,Sarongan
-8_115,-8,115,2,0,0,0,195000.0,605.0,455374.0,July,July:1;December:1,,0.89,46.32,Bali,Bali
-8_118,-8,118,2,1,1,2,0.0,0.0,5912.0,January,January:1;August:1,,-0.31,6.61,Nusa Tenggara Barat,"Dompu area, Dompu district "
-8_119,-8,119,2,0,1,2,2430.0,3.0,1624.0,November,November:1;December:1,,0.08,19.65,Nusa Tenggara Barat,"Bima, Kota Bima"
-8_123,-8,123,1,0,0,0,1450.0,13.0,8817.0,December,December:1,,0.04,18.3,Nusa Tenggara Timur,Larantuka
-8_124,-8,124,1,0,0,0,0.0,539.0,23.0,July,July:1,,0.36,28.69,Nusa Tenggara Timur,Lomblen Island
-8_125,-8,125,4,0,0,1,23000.0,186.0,116869.0,July,July:2;November:2,0.0,0.92,47.44,Nusa Tenggara Timur,"Alor, Alor district, Kalabahi, South Pantar Island"
-8_126,-8,126,1,1,1,1,4000.0,0.0,2003.0,November,November:1,,-0.29,7.14,Dili,Dili province
-8_157,-8,157,1,0,0,1,0.0,52.0,2384.0,April,April:1,,0.04,18.1,Western,Gizo
-8_31,-8,31,1,0,0,1,0.0,1.0,791.0,October,October:1,,-0.42,3.16,Rukwa,Namanyere
-9_-78,-9,-78,4,0,0,0,552500.0,66819.0,3224720.0,April,April:2;May:1;August:1,0.0,1.82,76.99,Ancash,"Chimbote, Chimbote area"
-9_115,-9,115,2,0,0,1,12000.0,1.0,30107.0,January,January:1;November:1,,0.03,17.86,Bali,"Denpasar, Klungkung area."
-9_116,-9,116,1,1,1,1,29000.0,14.0,102852.0,July,July:1,,0.13,21.2,Nusa Tenggara Barat, West Lombok
-9_117,-9,117,3,2,2,3,795000.0,577.0,539506.0,August,August:2;November:1,,1.06,52.0,Nusa Tenggara Barat,"Lombok, Lombok Isl., Sumbawa district"
-9_122,-9,122,3,0,0,0,105350.0,2719.0,132126.0,May,May:1;August:1;December:1,0.0,1.22,57.32,Nusa Tenggara Timur,"Ende, Sumabxa Island, Sumba"
-9_160,-9,160,1,0,1,1,0.0,0.0,1126.0,January,January:1,,-0.51,0.0,Honiara,Honiara Island
-9_161,-9,161,1,1,1,1,0.0,0.0,9770.0,December,December:1,,-0.51,0.0,Malaita,Malaita
-9_26,-9,26,1,0,0,0,0.0,9.0,311.0,September,September:1,,-0.19,10.5,Tanganyika,Shaba province
-9_34,-9,34,1,0,0,1,0.0,0.0,700.0,January,January:1,,-0.51,0.0,Mbeya,Rungwe district
0_-78,0,-78,2,0,0,0,7000.0,31.0,37215.0,March,March:1;August:1,,0.4,30.04,Pichincha,"La Merced, Pomasqui"
0_-79,0,-79,1,1,1,1,0.0,3.0,18.0,August,August:1,,-0.32,6.32,Pichincha,Quito
0_100,0,100,3,0,1,3,2400000.0,1267.0,2639965.0,February,February:1;March:1;September:1,0.0,1.2,56.53,Sumatera Barat,"Agam, Kota Padangpanjang"
0_128,0,128,4,1,1,3,200000.0,41.0,207103.0,January,January:2;May:1;November:1,0.0,0.77,42.49,Maluku Utara," Maluku Utara provinces, Halmahera, Halmahera Tengah, Morotai Island"
10_-64,10,-64,1,0,0,0,81000.0,80.0,4183.0,July,July:1,,0.39,29.77,Sucre,Cariaco
10_-68,10,-68,1,0,0,0,140000.0,240.0,81536.0,July,July:1,,0.55,35.22,Distrito Capital,Caracas
10_-83,10,-83,2,0,0,0,100000.0,47.0,10419.0,April,April:1;May:1,,0.52,34.18,Limon,"Limon, Matina"
10_-84,10,-84,5,0,1,1,206000.0,46.0,134543.0,July,January:1;April:1;July:2;August:1,-0.309,0.88,46.01,San Jose,"Barva, SE San Jose, San Jose province, San JosÃÂÃÂ©, Turrialba"
10_-85,10,-85,1,0,1,1,45000.0,2.0,762.0,September,September:1,,-0.08,14.24,Guanacaste,Abangares
10_123,10,123,1,0,1,1,8900.0,113.0,320277.0,February,February:1,,0.38,29.43,Negros Oriental,Tayasan
10_124,10,124,3,1,2,2,52359.0,231.0,3256756.0,February,February:1;October:1;November:1,0.0,0.87,45.5,Bohol,"Bohol, Catigbian, Valencia"
10_126,10,126,1,1,1,1,0.0,8.0,202.0,March,March:1,,-0.21,10.02,Surigao Del Norte,Surigao city
11_-68,11,-68,1,0,0,0,0.0,0.0,2000.0,May,May:1,,-0.51,0.0,Falcon,Tucacas
11_-70,11,-70,1,0,0,0,0.0,1.0,150.0,July,July:1,,-0.42,3.16,Falcon,Churuguara
11_-84,11,-84,1,0,0,0,200.0,21.0,3745.0,April,April:1,,0.05,18.66,Alajuela,South Laguna Arenal
11_-85,11,-85,1,0,0,0,19500.0,1.0,14299.0,December,December:1,,-0.16,11.67,Alajuela,Alajuela
11_122,11,122,1,0,0,0,0.0,4.0,15.0,June,June:1,,-0.29,7.34,Antique,Culasi
11_125,11,125,1,1,1,1,4364.0,3.0,16500.0,July,July:1,,-0.1,13.54,Leyte,Kananga 
11_126,11,126,1,0,1,1,3244.0,1.0,28879.0,August,August:1,,-0.2,10.12,Eastern Samar,Guiuan
11_39,11,39,1,0,0,0,0.0,30.0,0.0,June,June:1,,-0.04,15.66,Amhara,Wollo
12_-13,12,-13,1,0,0,0,8000.0,443.0,41436.0,December,December:1,,0.56,35.54,Boke,Gaoual-Koumbia
12_-86,12,-86,7,1,1,3,875000.0,10188.0,748175.0,April,January:1;March:1;April:2;July:1;September:1;December:1,0.0,1.8,76.47,Managua,"Huehuete, Managua, Masaya, Ticuantepe"
12_124,12,124,1,0,0,0,0.0,0.0,0.0,April,April:1,,-0.51,0.0,Biliran,Samar Island
12_41,12,41,1,0,0,0,320.0,24.0,585.0,March,March:1,,0.08,19.65,Afar,Serdo
13_-60,13,-60,1,0,0,1,0.0,0.0,1.0,November,November:1,,-0.51,0.0,Saint Michael,Bridgetown
13_-88,13,-88,1,1,1,1,0.0,0.0,2499.0,May,May:1,,-0.51,0.0,San Miguel, Chirilagua 
13_93,13,93,1,0,0,1,0.0,2.0,200.0,September,September:1,,-0.36,5.01,Andaman And Nicobar,Andaman Island
14_-61,14,-61,1,0,0,1,0.0,0.0,1.0,November,November:1,,-0.51,0.0,Castries,Castries
14_-89,14,-89,4,0,0,2,3383500.0,2384.0,2500270.0,January,January:1;February:1;May:1;October:1,0.2599,1.41,63.35,San Salvador,"Cojutepeque area, Comasagua municipality, San Salvador"
14_-90,14,-90,4,0,0,3,50.0,7.0,19413.0,January,January:1;May:1;October:1;December:1,0.0,0.33,27.81,Ahuachapan,"Apaneca, Atiquizaya, Jutapia Department, Jutiapia"
14_121,14,121,1,1,1,1,2000.0,0.0,25000.0,April,April:1,,-0.31,6.55,Batangas, Maricaban Island
14_123,14,123,3,0,0,0,4150.0,109.0,271130.0,March,March:1;April:1;November:1,0.0,0.7,39.91,Camarines Norte,Bicol Region
14_124,14,124,1,0,0,0,0.0,0.0,0.0,Unknown,NA,,-0.51,0.0,Catanduanes,Catanduanes
14_145,14,145,1,0,0,0,120000.0,0.0,71.0,August,August:1,,-0.21,10.07,Tamuning,Tumon Bay area
14_44,14,44,1,0,0,0,0.0,10.0,40039.0,November,November:1,,-0.18,10.93,Ibb,Hazm Al Udayn
15_-61,15,-61,1,0,0,1,0.0,0.0,1.0,November,November:1,,-0.51,0.0,Fort-de-France,Fort-De-France
15_-88,15,-88,3,0,1,2,100000.0,7.0,52519.0,April,April:1;May:1;September:1,0.0,0.42,30.7,Santa Barbara,"Ceguaca, Comayagua area, Las Vegas"
15_-90,15,-90,2,0,1,1,1000000.0,23003.0,4993400.0,February,February:1;September:1,,1.43,64.31,Guatemala,Guatemala city
15_-91,15,-91,3,0,1,1,210000.0,58.0,1347182.0,September,September:1;October:1;November:1,0.0,0.71,40.45,Chimaltenango,"Chamaltenango, Chimaltenango"
15_-92,15,-92,3,2,2,2,2000.0,1.0,6673.0,September,February:1;September:2,0.0,0.12,21.01,San Marcos," Quetzaltenango, Ayutla, Ixchiguan"
15_121,15,121,3,0,0,1,6794.0,277.0,451.0,August,August:1;December:1,0.0,0.84,44.56,Metropolitan Manila,"Manila, Manila Region, Manilla"
15_44,15,44,1,0,0,0,2000000.0,1507.0,401500.0,December,December:1,,0.88,45.87,Dhamar,Dhamar province
16_-62,16,-62,1,0,0,1,0.0,0.0,100.0,November,November:1,,-0.51,0.0,Basse-Terre, Terre-de-Bas
16_-91,16,-91,1,0,0,0,0.0,0.0,5000.0,October,October:1,,-0.51,0.0,Quiche,San Antonio Chiquito
16_-92,16,-92,3,2,2,2,0.0,17.0,190066.0,July,July:2;September:1,,0.23,24.48,Chiapas,"Chiapas state, Huehuetenango, Puerto Madero"
16_-99,16,-99,1,0,0,0,21100.0,6.0,4670.0,September,September:1,,0.02,17.45,Guerrero,Cuajinicuilapa
16_121,16,121,1,0,0,0,369600.0,2412.0,1597553.0,July,July:1,,0.9,46.56,Benguet,Baguio
16_33,16,33,1,0,0,0,0.0,3.0,15.0,August,August:1,,-0.32,6.32,Khartoum,Khartoum
16_95,16,95,1,0,0,1,500000.0,2.0,0.0,December,December:1,,-0.02,16.31,Ayeyarwady,Labutta
17_-95,17,-95,1,1,1,1,0.0,0.0,3601.0,September,September:1,,-0.51,0.0,Oaxaca,Juchitan
17_-96,17,-96,5,1,1,3,396600.0,120.0,144569.0,February,February:1;June:1;September:1;October:1;November:1,0.0499,1.03,50.88,Oaxaca,"North Puerto Angel, Oaxaca, Oaxaca State, Oaxaca state"
17_-98,17,-98,1,0,0,0,21100.0,6.0,4670.0,September,September:1,,0.02,17.45,Guerrero, Ometepec
18_-100,18,-100,6,0,2,3,353000.0,54.0,67198.0,March,March:2;June:1;July:1;October:1;December:1,0.0,0.99,49.7,Guerrero,"Guerrero, Guerrero state"
18_-102,18,-102,1,0,0,1,0.0,0.0,1.0,August,August:1,,-0.51,0.0,Michoacan,Lazaro Cardenas
18_-72,18,-72,1,0,1,1,8000000.0,222570.0,3700000.0,January,January:1,,1.6,69.83,Ouest,Kenscoff
18_121,18,121,1,0,0,0,2227.0,19.0,1901.0,August,August:1,,0.1,20.3,Ilocos Norte,Ilocos Norte
18_122,18,122,1,0,0,0,100.0,1.0,60030.0,March,March:1,,-0.29,7.14,Cagayan,Cagayan
18_77,18,77,2,0,0,0,280000.0,9748.0,30525.0,September,September:1;November:1,,1.28,59.29,Maharashtra,"Killari, Latur area"
19_-102,19,-102,2,0,0,0,0.0,12.0,45.0,June,June:1;October:1,,0.04,18.31,Michoacan,Michoacan
19_-104,19,-104,3,0,0,1,116300.0,143.0,223458.0,January,January:2;October:1,0.0,0.82,44.01,Colima,"Colima, Manzanillo"
19_-70,19,-70,1,0,0,1,0.0,3.0,2015.0,September,September:1,,-0.32,6.32,Duarte,San Francisco de Macoris
19_-98,19,-98,1,0,0,0,0.0,500.0,0.0,August,August:1,,0.35,28.35,Puebla,Puebla
19_-99,19,-99,3,2,2,2,6000000.0,369.0,274381.0,April,April:1;September:1;October:1,0.0,1.05,51.71,Distrito Federal,"Alvaro Obregon, Cuernavaca, Distrito Federal"
19_76,19,76,1,0,0,0,400.0,177.0,52272.0,December,December:1,,0.36,28.79,Maharashtra,Maharashtra
19_99,19,99,1,0,1,1,0.0,0.0,9508.0,March,March:1,,-0.51,0.0,Chiang Mai,Chiang Mai
1_-77,1,-77,2,0,0,0,8000.0,587.0,11301.0,March,March:1;December:1,,0.8,43.43,Narino,Pasto
1_-78,1,-78,1,0,0,0,1500000.0,5000.0,150000.0,March,March:1,,1.03,51.09,Carchi,Carchi
1_-79,1,-79,1,0,0,0,4000.0,10.0,0.0,April,April:1,,0.04,18.08,Esmeraldas,Esmeraldas
1_121,1,121,1,0,1,1,0.0,6.0,10077.0,November,November:1,,-0.24,8.87,Sulawesi Tengah,Buol district
1_122,1,122,2,0,0,1,0.0,1.0,1684.0,January,January:1;June:1,,-0.22,9.77,Gorontalo,"Clbes, Gorontalo area"
1_127,1,127,1,0,0,0,0.0,0.0,20000.0,September,September:1,,-0.51,0.0,Maluku Utara,Ternate
1_30,1,30,2,0,0,0,71500.0,111.0,55510.0,February,February:1;March:1,,0.63,37.75,Bundibugyo,"Bund Ibugyo, Bwamba county"
1_44,1,44,1,0,0,1,500000.0,2.0,0.0,December,December:1,,-0.02,16.31,Shabeellaha Hoose,Baraawe
1_99,1,99,1,0,0,1,0.0,8.0,1200.0,December,December:1,,-0.21,10.02,Sumatera Utara,Muara Sipongi
20_-156,20,-156,4,0,0,1,731250.0,66.0,3850.0,May,May:1;June:1;October:1;November:1,0.0,0.87,45.74,Hawaii,"Hawai, Hawai Island, Hawaii"
20_-73,20,-73,1,1,1,1,0.0,17.0,39336.0,October,October:1,,-0.11,13.18,Nord-Ouest, Saint-Louis-du-Nor
20_-77,20,-77,1,0,0,0,0.0,0.0,5869.0,May,May:1,,-0.51,0.0,Granma,Granma
20_100,20,100,2,1,1,1,98100.0,12.0,1017659.0,May,May:1;July:1,,0.34,28.21,Chiang Rai,"Chiang Rai, ChiangRai"
20_95,20,95,1,1,1,1,10000.0,4.0,1152.0,August,August:1,,-0.05,15.27,Magway,Magway
21_-104,21,-104,1,0,0,0,4104000.0,9500.0,2130204.0,September,September:1,,1.15,54.88,Jalisco,Jalisco
21_100,21,100,1,0,1,1,0.0,0.0,9508.0,March,March:1,,-0.51,0.0,Shan,Tarlay
22_121,22,121,1,0,0,1,0.0,2.0,42.0,December,December:1,,-0.36,5.01,Taiwan,Pingtung
22_90,22,90,1,0,0,1,500000.0,2.0,0.0,December,December:1,,-0.02,16.31,Barisal,Barisal
22_92,22,92,1,0,0,1,0.0,0.0,1000.0,January,January:1,,-0.51,0.0,Chittagong,Maheshkhali
22_98,22,98,1,0,0,0,36100.0,11.0,1000136.0,July,July:1,,0.11,20.37,Shan,Shan state
23_113,23,113,1,0,0,0,0.0,0.0,5860.0,December,December:1,,-0.51,0.0,Guangdong,Gungdong
23_120,23,120,3,1,2,3,1700800.0,118.0,875.0,February,February:1;March:1;October:1,0.0,0.86,45.45,Taiwan,"Jiayi, Jiayi Province, Tainan city "
23_72,23,72,1,0,0,1,2623000.0,20005.0,6321812.0,January,January:1,,1.24,57.89,Gujarat,Ahmadabad
23_80,23,80,1,0,0,0,37000.0,43.0,156500.0,May,May:1,,0.29,26.31,Madhya Pradesh,Jabalpur
23_90,23,90,1,0,0,0,0.0,1.0,100.0,June,June:1,,-0.42,3.16,Barisal,Banaripara area
23_92,23,92,3,0,0,2,0.0,31.0,17925.0,July,July:2;November:1,0.0,0.31,27.1,Chittagong,"Chittagong, Chittagong-Cox's Bazar-Rangamati, Maheshkhali Island"
23_96,23,96,2,0,1,1,1170.0,38.0,1646.0,January,January:1;November:1,,0.38,29.4,Mandalay,"Mogok, Thabeikkyin area"
23_99,23,99,1,1,1,1,15000.0,0.0,2032.0,March,March:1,,-0.26,8.28,Yunnan, Cangyuan Wa Zizhixian
24_102,24,102,1,1,1,1,50000.0,0.0,18024.0,August,August:1,,-0.23,9.32,Yunnan,Yuxi 
24_121,24,121,5,3,3,5,14227100.0,2357.0,111065.0,March,February:1;March:2;June:1;September:1,0.2066,1.53,67.51,Taiwan,"Hualian, Hualien, Nantou, Nantou Xian"
25_-101,25,-101,2,0,0,0,0.0,1.0,17000.0,January,January:1;May:1,,-0.22,9.77,Michoacan,"Arteaga, Arteaga area"
25_101,25,101,31,4,9,23,1660583.0,11070.0,7567739.0,January,January:5;February:1;March:1;April:3;May:4;June:1;July:3;August:3;September:1;October:4;November:3;December:2,0.1797,2.51,100.0,Yunnan,"Baoshan city, Guantun, Ludian Xian, Mojiang county, Pu'er, Qiubei, Yao'an, Yingjiang, Yunan province, Yunnan, Yunnan - Dali Bai, Yunnan Province, Yunnan Sheng, Yunnan province, Zhaotong"
25_121,25,121,1,0,0,0,0.0,13.0,46.0,November,November:1,,-0.15,12.03,Taipei,Taipei
25_70,25,70,1,0,0,1,2623000.0,20005.0,6321812.0,January,January:1,,1.24,57.89,Sind,Mithi
25_89,25,89,1,1,1,1,0.0,4.0,200.0,April,April:1,,-0.29,7.34,Rajshahi, Bogra
25_92,25,92,1,0,0,0,0.0,2.0,100.0,February,February:1,,-0.36,5.01,Sylhet,Syhlet
25_93,25,93,1,0,0,0,0.0,20.0,10900.0,December,December:1,,-0.09,13.88,Assam,Cachar district
25_94,25,94,1,1,1,1,0.0,5.0,70.0,January,January:1,,-0.26,8.17,Manipur, Bishnupur
26_100,26,100,1,1,1,1,31000.0,0.0,2106.0,March,March:1,,-0.24,8.91,Yunnan,Yangbi 
26_104,26,104,1,0,0,1,0.0,0.0,18509.0,August,August:1,,-0.51,0.0,Yunnan,Qujing
26_118,26,118,1,0,0,0,0.0,1.0,500.0,September,September:1,,-0.42,3.16,Fujian,Fujian
26_65,26,65,2,2,2,2,100000.0,421.0,185799.0,September,September:2,,0.82,44.09,Baluchistan,Awaran
26_86,26,86,3,2,2,2,71500.0,387.0,20003966.0,April,April:1;May:1;August:1,,0.94,48.11,Bihar,"Bihar, Bihar state, Dharbhanga"
26_89,26,89,1,1,1,1,0.0,5.0,70.0,January,January:1,,-0.26,8.17,Rangpur, Panchagarh districts 
26_93,26,93,1,0,1,1,0.0,112.0,575200.0,September,September:1,,0.14,21.56,Assam,Assam
27_107,27,107,4,1,3,4,6000000.0,820.0,1865473.0,January,January:1;June:1;August:1;September:1,0.0,1.27,58.98,Guizhou,"Guizhou, Guizhou province, Liping"
27_55,27,55,1,1,1,1,2000.0,1.0,330.0,January,January:1,,-0.22,9.71,Hormozgan,Bastak
27_56,27,56,5,0,2,3,0.0,177.0,44201.0,March,March:2;September:1;November:1;December:1,-0.3206,0.75,41.54,Hormozgan,"Bandar Abbas, Bandar-E-Abbas, Bandar-e Abbas, Geshm Island, Hormozgan"
27_62,27,62,1,0,0,1,0.0,0.0,21912.0,March,March:1,,-0.51,0.0,Sistan And Baluchestan,Saravan region
27_66,27,66,1,0,0,0,1000.0,11.0,40.0,March,March:1,,0.01,17.28,Baluchistan,Kalat Area
27_67,27,67,1,0,0,0,0.0,0.0,750.0,October,October:1,,-0.51,0.0,Baluchistan,Khuzdar area
27_87,27,87,1,0,0,0,60000.0,709.0,301016.0,August,August:1,,0.68,39.41,East,Dhankuta
27_89,27,89,2,0,1,1,0.0,112.0,575200.0,September,September:1,,0.34,28.17,Paro,"Gangtok Region, Paro"
27_91,27,91,1,0,1,1,0.0,11.0,12.0,September,September:1,,-0.17,11.33,Monggar,Monggar
28_116,28,116,5,1,1,2,6800000.0,214.0,3001473.0,August,April:1;August:2;November:1,-0.1216,1.18,55.95,Jiangxi,"Ganzhou-Xunwu, Jiujiang, Lushan, South Jiangxi, Wu-Yuan"
28_54,28,54,1,0,0,0,20000.0,480.0,0.0,April,April:1,,0.6,36.69,Fars,Lar
28_55,28,55,2,0,0,1,253966.0,22.0,39925.0,July,July:1;November:1,,0.45,31.63,Fars,"Darab, Darab county"
28_56,28,56,1,0,0,1,0.0,0.0,1000.0,February,February:1,,-0.51,0.0,Hormozgan,Hajiabad
28_61,28,61,1,1,1,1,0.0,0.0,27.0,April,April:1,,-0.51,0.0,Sistan And Baluchestan,Sistan-Balochistan province
28_66,28,66,2,0,0,0,0.0,6.0,237.0,December,December:1,,-0.04,15.48,Baluchistan,"Koshkak, South Baluchistan Province"
28_85,28,85,2,1,2,2,0.0,116.0,575400.0,April,April:1;September:1,,0.35,28.33,Central,"Bhaktapur, Dhading"
28_86,28,86,1,1,1,1,0.0,1.0,0.0,May,May:1,,-0.42,3.16,Central,Sindhupalchowk
29_120,29,120,1,0,0,0,506000.0,309.0,5077795.0,February,February:1,,0.62,37.47,Zhejiang,Lishui
29_31,29,31,3,0,0,1,1200000.0,562.0,92968.0,August,August:1;October:1;November:1,0.0,1.07,52.24,Al Qahirah,"Cairo, Fayoum"
29_51,29,51,2,1,1,2,0.0,9.0,2400.0,February,February:1;November:1,,0.01,17.11,Bushehr,"Borazjan, Dashti"
29_53,29,53,8,0,1,3,1000.0,5189.0,54383.0,May,February:1;March:1;April:1;May:2;June:1;July:1;November:1,0.0181,1.59,69.48,Fars,"Fars, Fars Province, Firuzabad-Johrom, Lamerd, Qir, Shiraz"
29_57,29,57,1,0,0,1,0.0,0.0,7006.0,February,February:1,,-0.51,0.0,Kerman,Baft
29_59,29,59,2,0,1,2,500000.0,26803.0,267653.0,December,December:2,,1.44,64.41,Kerman,"Bam, Bam county"
29_64,29,64,3,1,2,2,0.0,6.0,1227.0,January,January:1;April:1;August:1,0.0,0.1,20.17,Baluchistan,"Chagai district, Dalbadin, Quetta"
29_69,29,69,1,0,0,0,0.0,50.0,10100.0,February,February:1,,0.03,17.93,Baluchistan,Sibi district
2_-77,2,-77,2,1,1,1,414900.0,250.0,46215.0,February,February:1;March:1,,0.79,42.95,Cauca,"Cauca, Popayan city"
2_-78,2,-78,1,0,0,1,0.0,0.0,175.0,September,September:1,,-0.51,0.0,Narino,El Charco
2_35,2,35,1,0,0,0,0.0,0.0,0.0,May,May:1,,-0.51,0.0,West Pokot,Kapenguria
2_98,2,98,2,0,1,2,5850.0,925.0,105313.0,March,March:1;September:1,,0.86,45.23,Aceh,"Banyak Islands, Singkil"
2_99,2,99,3,0,1,1,1000.0,5.0,16884.0,February,February:1;April:1;August:1,0.0,0.26,25.42,Sumatera Utara,"North Sumatra, Pahae Jae, Tarutung"
30_108,30,108,2,0,1,1,85000000.0,87480.0,46029396.0,May,May:1;November:1,,1.73,74.22,Chongqing,"Chongqing, Jiangbei county"
30_52,30,52,2,0,0,1,0.0,0.0,10080.0,January,January:1,,-0.31,6.61,Fars,"Doshman Ziari, Kazerun district"
30_57,30,57,3,0,0,1,1005000.0,3205.0,35500.0,March,March:1;June:1;July:1,,1.3,60.01,Kerman,"Golbaf, Kerman, Kerman province"
30_80,30,80,1,0,0,1,2000.0,100.0,477894.0,March,March:1,,0.32,27.59,Uttarakhand,Bageshwar
30_81,30,81,1,0,0,0,245000.0,100.0,240600.0,July,July:1,,0.45,31.73,Far-Western,Mahakali
30_86,30,86,1,1,1,1,0.0,1.0,0.0,May,May:1,,-0.42,3.16,Xizang,Shigatse district 
30_94,30,94,1,1,1,1,0.0,0.0,23403.0,November,November:1,,-0.51,0.0,Xizang,Nyingchi 
31_-10,31,-10,1,0,0,0,120000.0,12000.0,25000.0,February,February:1,,1.09,52.9,Souss-Massa-Draa,Agadir
31_103,31,103,19,4,10,14,1335400.0,20232.0,2654511.0,August,January:2;February:1;May:3;June:2;August:5;September:1;October:2;November:1;December:1,0.2994,2.36,94.9,Sichuan," Sichuan, Huili, Lijiang-Yanyuan, Moxizhen, Neijiang area, Ningnan, Sichan, Sichuan, Sichuan province, Weiyuan, Weiyuan city, Xinlong Xian, Yanyuan Xian"
31_104,31,104,1,0,0,0,0.0,0.0,0.0,August,August:1,,-0.51,0.0,Sichuan,Chengdu
31_112,31,112,2,1,1,2,6300.0,0.0,110500.0,October,October:1;December:1,,-0.08,14.15,Hubei,"Badong, Hubei"
31_121,31,121,1,0,0,1,0.0,0.0,25000.0,July,July:1,,-0.51,0.0,Shanghai,Donghua
31_49,31,49,2,0,0,2,0.0,0.0,730.0,September,September:1;December:1,,-0.31,6.61,Khuzestan,Masjed-e Soleiman
31_50,31,50,1,0,0,0,0.0,0.0,1501.0,November,November:1,,-0.51,0.0,Khuzestan,Behbahan area
31_51,31,51,4,0,0,0,0.0,24.0,8579.0,March,March:1;June:1;October:1,-1.4286,0.39,29.62,Kohgiluyeh And Buyer Ahmad,"Deh Borzog-e Sisakht, Deh Dasht, Gachsaran-Dogonbadan"
31_56,31,56,2,0,0,1,0.0,589.0,570.0,May,May:1;December:1,,0.57,35.7,Kerman,"Bab-Tangal, Zarand"
31_67,31,67,1,0,1,1,10000.0,166.0,75320.0,October,October:1,,0.44,31.27,Baluchistan,Pishin
31_72,31,72,1,0,0,0,3255.0,4700.0,50200.0,December,December:1,,0.87,45.52,Punjab,Indus River Valley
31_73,31,73,1,1,1,1,0.0,115.0,92725.0,October,October:1,,0.14,21.68,Punjab, Sahiwal District
31_79,31,79,1,0,0,0,60000.0,1500.0,54383.0,October,October:1,,0.78,42.83,Uttarakhand,Uttarkashi
32_-115,32,-115,2,0,1,1,1150000.0,4.0,28282.0,April,April:1;November:1,,0.27,25.97,Baja California,Mexicali
32_117,32,117,1,0,0,1,0.0,1.0,23369.0,November,November:1,,-0.42,3.16,Anhui,Min Xian
32_21,32,21,1,0,0,0,5000.0,300.0,5375.0,February,February:1,,0.5,33.36,Al Marj,Marj
32_50,32,50,1,0,0,0,0.0,45.0,52.0,December,December:1,,0.02,17.46,Khuzestan,Izeh
32_51,32,51,5,0,0,0,0.0,359.0,416154.0,March,March:1;April:1;July:1;August:1;December:1,0.0207,0.84,44.75,Chahar Mahall And Bakhtiari,"Lordegan-Aradal, Mamasani, Shahr Kord"
32_60,32,60,2,0,0,0,0.0,16.0,1003.0,January,January:1;November:1,,0.08,19.53,South Khorasan,"Nehbandan area, South Khorasan province"
32_76,32,76,1,0,0,0,5000.0,6.0,30.0,April,April:1,,-0.02,16.21,Himachal Pradesh,Dharmsala
32_77,32,77,1,0,0,0,0.0,47.0,0.0,January,January:1,,0.02,17.65,Himachal Pradesh,Himachal Pradesh
32_88,32,88,4,1,2,2,3150.0,116.0,591690.0,April,April:1;June:1;July:1;September:1,0.0,0.81,43.59,Xizang,"Lhasa prefecture, Rikaze Shi, Shigatse, Tibet"
33_-115,33,-115,1,0,0,0,0.0,2.0,3050.0,November,November:1,,-0.36,5.01,California,Imperial county
33_-80,33,-80,1,0,0,0,5600000.0,62.0,3757.0,October,October:1,,0.47,32.27,California,Berkeley
33_102,33,102,1,1,1,1,500000.0,29.0,218325.0,August,August:1,,0.3,26.81,Sichuan,Aba prefecture
33_119,33,119,4,1,2,2,56000.0,43.0,1004967.0,July,January:1;March:1;July:2,0.0,0.75,41.61,Jiangsu,"Jiangsu province, Wushi, Yangzhou, Yunlong"
33_131,33,131,2,2,2,2,20000000.0,58.0,419232.0,April,April:2,,0.69,39.68,Kumamoto," Oita, Kumamoto province "
33_46,33,46,1,1,1,1,740000.0,444.0,209000.0,November,November:1,,0.68,39.45,Ilam, Mehran City 
33_47,33,47,2,1,1,2,43000.0,0.0,12750.0,August,August:1;October:1,,-0.03,15.8,Ilam,"Abdanan, Darreh Shahr"
33_48,33,48,3,0,2,3,0.0,13.0,1020.0,January,January:1;May:1;November:1,0.0,0.2,23.33,Lorestan,"Andimeshk, Borugerd, Ghiahdan"
33_52,33,52,1,0,0,1,80000.0,612.0,94766.0,February,February:1,,0.67,38.99,Esfahan,Baharestan
33_70,33,70,1,0,0,0,0.0,4.0,12.0,February,February:1,,-0.29,7.34,F.A.T.A.,F.A.T.A.
33_71,33,71,1,0,0,0,0.0,14.0,0.0,May,May:1,,-0.14,12.35,N.W.F.P.,Kohat
33_75,33,75,1,0,0,0,0.0,13.0,40.0,August,August:1,,-0.15,12.03,Jammu And Kashmir,Jammu
33_76,33,76,1,1,1,1,120000.0,3.0,59350.0,May,May:1,,-0.01,16.39,Jammu And Kashmir,Doda
34_-100,34,-100,2,0,0,1,2028000.0,8.0,400.0,February,February:1;April:1,,0.37,29.14,Washington,Seattle
34_-118,34,-118,5,0,0,0,30800220.0,135.0,31479.0,January,January:1;February:1;June:1;July:1;October:1,0.0,1.16,55.16,California,"Los Angeles, Los Angeles-Whittier, Newport Beach, Pasadena, San Fernando"
34_114,34,114,3,0,0,3,70000.0,26.0,648100.0,July,July:1;August:1;November:1,,0.58,35.94,Henan,"Yanjin County, Yanjin Xian, Yongcheng"
34_131,34,131,2,0,0,2,400000.0,1.0,4430.0,March,March:1;April:1,,0.12,20.88,Fukuoka,"Hukuokasi Nisiku, Kyushu Island"
34_133,34,133,1,0,0,1,500000.0,2.0,11261.0,March,March:1,,-0.02,16.31,Hiroshima,Kure
34_134,34,134,2,0,0,0,800000.0,25.0,35385.0,June,June:1;August:1,,0.49,33.17,Kagawa,Kagawa
34_46,34,46,1,1,1,1,10000.0,0.0,716.0,November,November:1,,-0.27,7.93,Kermanshah,Sarpol-e Zahab 
34_47,34,47,3,2,2,3,10000.0,2.0,33312.0,July,July:1;August:1;December:1,,0.22,24.24,Kermanshah,"Kermanchah province, Kermanshah, Near Javanroud "
34_48,34,48,1,0,1,1,0.0,0.0,104.0,November,November:1,,-0.51,0.0,Lorestan,Khorramabad
34_49,34,49,1,0,0,1,42262.0,63.0,161418.0,March,March:1,,0.34,28.14,Lorestan,Dorud
34_60,34,60,6,0,1,3,10.0,23.0,34958.0,April,April:1;May:1;June:1;October:1;December:1,-0.0621,0.61,36.98,South Khorasan,"Birjand, Birjand area"
34_62,34,62,1,0,0,0,10.0,5.0,0.0,May,May:1,,-0.2,10.24,Hirat,Herat area
34_69,34,69,2,0,0,2,0.0,72.0,93000.0,February,February:1;July:1,,0.28,26.17,Logar,"Baraki Barak, Paktya province"
34_70,34,70,3,0,1,2,5050.0,24.0,3344.0,February,February:1;April:1;October:1,0.0,0.5,33.32,Nangarhar,"Hisarak, Jalal-Abad, Jalalabad district"
34_71,34,71,3,3,3,3,0.0,24.0,4080.0,April,April:2;December:1,0.0,0.28,25.98,F.A.T.A.," Khyber Agency district , Achin, Khyber Agency district "
34_72,34,72,1,0,0,1,0.0,0.0,0.0,February,February:1,,-0.51,0.0,N.W.F.P.,Peshawar
34_73,34,73,1,0,0,1,50.0,1.0,0.0,October,October:1,,-0.31,6.55,N.W.F.P.,Abbottabad Tehsil
34_74,34,74,2,0,0,1,0.0,17.0,15065.0,November,November:1,,0.09,19.79,Azad Kashmir,"Baramula-Sopur area, Tata Pani"
34_75,34,75,1,0,0,1,50.0,1.0,0.0,October,October:1,,-0.31,6.55,Jammu And Kashmir,Anantnag
34_77,34,77,1,1,1,1,0.0,115.0,92725.0,October,October:1,,0.14,21.68,Jammu And Kashmir,Jammu and Kashmir province
35_-1,35,-1,1,0,0,1,60929.0,22.0,15175.0,December,December:1,,0.21,23.79,Ain Temouchent,Ain Temuchent
35_-116,35,-116,1,0,0,0,100000.0,1.0,300.0,June,June:1,,-0.12,13.08,California,Landers California
35_-4,35,-4,1,0,0,1,400000.0,628.0,13465.0,February,February:1,,0.71,40.49,Taza-Al Hoceima-Taounate,Imzouren
35_0,35,0,1,0,0,0,0.0,171.0,12789.0,August,August:1,,0.2,23.47,Mascara,Mascara province
35_109,35,109,1,1,1,1,1000000.0,95.0,123887.0,July,July:1,,0.48,32.71,Shaanxi,Wudu Xian
35_134,35,134,2,1,1,2,600000.0,0.0,7625.0,October,October:2,,0.04,18.07,Tottori,"Kurayoshi city , Tottori"
35_135,35,135,3,2,2,2,103250000.0,5302.0,570789.0,January,January:1;April:1;June:1,0.0,1.49,66.3,Hyogo,"Hyogo, Hyogo prefecture, Kobe"
35_136,35,136,1,0,0,1,0.0,0.0,201.0,April,April:1,,-0.51,0.0,Mie,Mie-Nara-Siga
35_137,35,137,3,0,0,0,586400.0,104.0,362.0,May,May:1;December:1,0.0,0.82,43.96,Aichi,Aichi
35_138,35,138,1,0,0,0,0.0,30.0,73.0,May,May:1,,-0.04,15.66,Shizuoka,Izu-Hanto
35_33,35,33,1,0,0,0,4340.0,2.0,1865.0,February,February:1,,-0.14,12.22,Nicosia,Nicosia
35_46,35,46,1,1,1,1,740000.0,444.0,209000.0,November,November:1,,0.68,39.45,As-Sulaymaniyah, Darbandikhan
35_48,35,48,1,0,0,1,300000.0,227.0,111300.0,June,June:1,,0.57,35.62,Hamadan,Kabudarahang
35_50,35,50,2,1,1,1,0.0,28.0,120.0,November,November:1;December:1,,0.15,21.96,Markazi," Saveh city, Kishan"
35_51,35,51,2,0,0,0,6000.0,24.0,100.0,December,December:2,,0.36,28.78,Qom,"Qom, Qom-Saveh"
35_57,35,57,1,0,0,1,0.0,1.0,2015.0,February,February:1,,-0.42,3.16,Razavi Khorasan,Bardeskan
35_59,35,59,9,0,2,3,85000.0,35615.0,189231.0,January,January:3;July:2;August:1;September:1;November:2,-0.0847,2.02,83.8,Razavi Khorasan,"Khorasan province, Khurasan province, Meshed, Nishabur, Torbat-e Heydariyeh, Torbat-e Jam"
35_69,35,69,1,0,0,1,0.0,4.0,270.0,June,June:1,,-0.29,7.34,Parwan,Jabalussaraj
35_70,35,70,1,0,0,1,0.0,5.0,501.0,December,December:1,,-0.26,8.17,Laghman,Alishang
35_71,35,71,1,0,0,1,0.0,0.0,0.0,Unknown,NA,,-0.51,0.0,Nuristan,Nuristan
35_72,35,72,1,0,0,1,0.0,150.0,3513.0,March,March:1,,0.18,22.88,F.A.T.A.,Bajaur Agency
35_73,35,73,1,0,0,1,0.0,24.0,13148.0,February,February:1,,-0.07,14.68,N.W.F.P.,Batagram
36_-98,36,-98,1,1,1,1,20000.0,0.0,120.0,November,November:1,,-0.25,8.53,Oklahoma,Cushing 
36_111,36,111,1,1,1,1,2000.0,8.0,4583.0,May,May:1,,-0.01,16.57,Shanxi,Xinjiang region
36_118,36,118,3,0,2,2,295000.0,59.0,88641.0,February,February:1;March:1;November:1,,0.72,40.82,Shandong,"Heze, Pingyuan"
36_129,36,129,2,2,2,2,21000.0,0.0,34889.0,September,September:1;November:1,,-0.05,15.18,Gyeongsangbuk-Do,"Kyonju, Near Pohang"
36_138,36,138,1,0,0,0,43000.0,20.0,0.0,September,September:1,,0.19,23.07,Nagano,Nagano prefecture
36_139,36,139,3,0,0,1,1000.0,3.0,205.0,February,February:1;July:1;September:1,0.0,0.2,23.57,Tokyo,"Niijima, Tokyo"
36_140,36,140,1,0,0,0,0.0,2.0,22652.0,December,December:1,,-0.36,5.01,Chiba,Chiba prefecture
36_2,36,2,1,0,0,0,0.0,0.0,2250.0,January,January:1,,-0.51,0.0,Ain Defla,Ain-Defla
36_3,36,3,2,0,0,0,0.0,22.0,12441.0,October,October:2,,0.12,20.91,Blida,"Blida, Blida area"
36_4,36,4,2,0,0,0,5200000.0,2633.0,930317.0,October,October:1,,1.18,55.84,Bouira,"El Asnam, El Asnam area"
36_44,36,44,1,0,0,0,0.0,20.0,500.0,July,July:1,,-0.09,13.88,Arbil,Arbil Region
36_5,36,5,1,0,0,0,1000.0,1.0,3152.0,January,January:1,,-0.24,9.11,Bordj Bou Arreridj,Daira de Bordj Bou Naama
36_50,36,50,2,0,0,0,31400.0,12009.0,104500.0,February,February:1;September:1,,1.25,58.36,Qazvin,"Qazvin, Sefid Abeh"
36_51,36,51,1,0,0,1,165000.0,35.0,498.0,May,May:1,,0.3,26.69,Alborz,Taleghan region
36_52,36,52,3,0,0,1,5000.0,34.0,27172.0,March,March:1;April:1;May:1,0.0,0.54,34.85,Mazandaran,"Damavand-Amol, Shahneh, Teheran"
36_56,36,56,1,0,1,1,0.0,3.0,3600.0,August,August:1,,-0.32,6.32,Semnan,Shahrud
36_6,36,6,2,0,0,0,2000.0,59.0,50600.0,January,January:1;February:1,,0.45,31.83,M'Sila,"Beni Illmane, M'sila & Environs"
36_65,36,65,1,0,0,0,0.0,0.0,3250.0,January,January:1,,-0.51,0.0,Faryab,Pakhalsoz
36_68,36,68,2,0,1,2,0.0,161.0,4583.0,March,March:1;April:1,,0.39,29.81,Samangan,"Aybak, Samangan"
36_69,36,69,4,0,1,3,1000.0,1623.0,135615.0,March,March:1;April:1;June:1;December:1,0.0714,1.14,54.6,Baghlan,"Baghlan province, Burka, Nahrin, Nahrin district"
36_7,36,7,1,0,0,0,1000.0,30.0,0.0,October,October:1,,0.14,21.61,Constantine,Constantine
36_72,36,72,2,0,0,0,2000.0,135.0,19038.0,January,January:1;July:1,,0.56,35.56,N.W.F.P.,Chitral
36_74,36,74,2,0,0,1,5000.0,269.0,142782.0,September,September:1;November:1,,0.68,39.47,Northern Areas,Gilgit-Baltistan
36_96,36,96,5,0,1,3,558350.0,3094.0,154103.0,April,January:1;April:3;May:1,0.0,1.48,65.96,Qinghai,"Gonghe, Qinghai, Qinghai Province, Qinghai province"
37_-120,37,-120,3,0,0,0,143700.0,0.0,1607.0,February,February:1;April:1;May:1,0.0,0.14,21.53,California,"Coalinga, South California, Southern California"
37_106,37,106,1,0,0,0,0.0,0.0,50060.0,January,January:1,,-0.51,0.0,Ningxia Hui,Ningxia province
37_137,37,137,1,0,0,1,250000.0,1.0,41027.0,March,March:1,,-0.09,13.87,Toyama,Toyama
37_138,37,138,1,1,1,1,2000.0,0.0,2657.0,November,November:1,,-0.31,6.55,Nagano,Hakuba
37_139,37,139,2,0,0,2,40500000.0,49.0,76183.0,July,July:1;October:1,,0.69,39.54,Niigata,Ojiya
37_15,37,15,2,0,0,1,500000.0,19.0,3709.0,October,October:1;December:1,,0.44,31.57,Sicily,"Carlentini, Catania"
37_22,37,22,2,0,0,0,759000.0,21.0,60423.0,September,September:2,,0.47,32.37,Peloponnese; Western Greece And The Ionian Islands,"Kalamata, Megalopos"
37_27,37,27,2,2,2,2,0.0,4.0,240.0,July,July:2,,-0.09,13.95,Aegean,"Bodrum, Kos Island"
37_28,37,28,1,0,0,1,0.0,0.0,103.0,October,October:1,,-0.51,0.0,Mugla,Marmaris
37_3,37,3,1,1,1,1,0.0,6.0,420.0,August,August:1,,-0.24,8.87,Alger,Alger
37_30,37,30,1,0,0,0,0.0,57.0,0.0,May,May:1,,0.05,18.51,Burdur,Burdur
37_31,37,31,1,0,0,0,0.0,24.0,20200.0,September,September:1,,-0.07,14.68,Antalya,North Anatolia
37_36,37,36,2,0,0,2,550000.0,145.0,1590080.0,June,June:2,,0.72,40.72,Adana,"Ceyhan, Osmaniye province"
37_4,37,4,4,0,0,4,5000000.0,2275.0,210776.0,May,January:1;May:2;December:1,,1.41,63.47,Boumerdes,"Bordj Menaiel, Boumerdes, Boumerdes region, Zemmouri"
37_44,37,44,1,0,0,1,0.0,2.0,422.0,January,January:1,,-0.36,5.01,Hakkari,Hakkari
37_48,37,48,1,0,0,0,5000.0,3.0,416.0,July,July:1,,-0.1,13.66,Zanjan,Zanjan
37_5,37,5,1,0,0,1,0.0,4.0,319.0,March,March:1,,-0.29,7.34,Bejaia,Laalam
37_54,37,54,1,0,0,1,0.0,0.0,110.0,January,January:1,,-0.51,0.0,Golestan,Gorgan county
37_55,37,55,1,0,0,1,0.0,0.0,250.0,November,November:1,,-0.51,0.0,Golestan,Ali-Abad
37_57,37,57,1,1,1,1,600000.0,37.0,4350.0,April,April:1,,0.34,28.05,North Khorasan,Baghan
37_58,37,58,2,1,1,1,32000.0,103.0,86762.0,February,February:1;May:1,,0.6,36.72,North Khorasan,"Bojnord, Bojnurd"
37_65,37,65,1,0,0,1,0.0,1.0,1001.0,April,April:1,,-0.42,3.16,Faryab,Yaka Bagh
37_66,37,66,1,0,0,1,0.0,0.0,0.0,February,February:1,,-0.51,0.0,Badakhshan,Fayzabad region
37_67,37,67,1,0,0,0,0.0,160.0,100330.0,May,May:1,,0.19,23.17,Balkh,Balkh
37_69,37,69,2,0,0,2,0.0,2.0,1870.0,July,July:2,,-0.16,11.62,Khatlon,"Imam Sahib, Panj"
37_70,37,70,1,0,0,1,10000.0,2323.0,32818.0,February,February:1,,0.8,43.28,Takhar,Rustaq
37_71,37,71,6,2,2,3,13000.0,4981.0,251570.0,December,January:1;April:1;May:1;October:1;December:2,0.2245,1.53,67.4,Badakhshan,"Badakhshan, Badakhshan province, Badakhstan, Eshkmesh district, Faizabad, North-East"
38_-1,38,-1,2,0,1,2,244004.0,10.0,15320.0,February,February:1;May:1,,0.34,28.23,Region De Murcia,"Lorca, Mula"
38_-122,38,-122,1,0,0,0,0.0,0.0,120.0,March,March:1,,-0.51,0.0,California,Alamo
38_-25,38,-25,1,0,0,1,72000.0,10.0,1100.0,July,July:1,,0.11,20.57,Azores,Faial and Pico Isl.
38_-85,38,-85,1,0,0,0,0.0,0.0,0.0,Unknown,NA,,-0.51,0.0,Kentucky,Kentucky
38_101,38,101,6,0,0,4,204000.0,33.0,407829.0,April,April:1;June:1;July:1;September:1;October:1;December:1,0.0,0.91,47.03,Gansu,"Baiju, Gansu Sheng, Ganzu, Minle Xian, Yumen Shi"
38_112,38,112,1,0,0,1,44000.0,0.0,3020004.0,November,November:1,,-0.23,9.21,Shanxi,Shanxi Province
38_13,38,13,1,0,0,0,0.0,0.0,306.0,June,June:1,,-0.51,0.0,Sicily,Mazara del Vallo
38_139,38,139,1,0,0,0,0.0,0.0,1551.0,April,April:1,,-0.51,0.0,Niigata,Niigata
38_14,38,14,2,0,0,1,750000.0,226.0,55563.0,January,January:1;September:1,,0.79,43.0,Sicily,"Palermo, Western Sicily"
38_141,38,141,4,0,1,2,1416000.0,168.0,20823.0,April,April:1;May:1;June:1;July:1,0.0,1.02,50.53,Miyagi,"Ishinomaki, Miyagi prefecture, Onagawa, Sendai"
38_15,38,15,1,0,0,0,0.0,1.0,302.0,October,October:1,,-0.42,3.16,Sicily,Mt Etna
38_21,38,21,1,1,1,1,178000.0,0.0,2023.0,January,January:1,,-0.2,10.41,Peloponnese; Western Greece And The Ionian Islands,Fiskardo
38_22,38,22,5,0,0,1,422700.0,27.0,16675.0,March,March:2;June:1;July:1;December:1,-0.0135,0.83,44.26,Peloponnese; Western Greece And The Ionian Islands,"Aiyion, Patras, Pyrgos-Amalias, Vartholomio, Vonitsa"
38_23,38,23,1,0,0,0,8000.0,38.0,30253.0,March,March:1,,0.23,24.45,Peloponnese; Western Greece And The Ionian Islands,Corinth
38_24,38,24,1,0,0,1,4200000.0,143.0,115139.0,September,September:1,,0.57,35.8,Attica,Elefsina
38_26,38,26,1,1,1,1,0.0,1.0,731.0,June,June:1,,-0.42,3.16,Aegean, Chios
38_27,38,27,1,0,0,1,0.0,0.0,170.0,April,April:1,,-0.51,0.0,Izmir,Seferihisar
38_28,38,28,1,0,0,0,0.0,0.0,1003.0,October,October:1,,-0.51,0.0,Aydin,Aydin area
38_29,38,29,2,0,0,1,0.0,4.0,9290.0,July,July:1;August:1,,-0.09,13.95,Denizli,"Buldan, Denizli"
38_30,38,30,1,0,0,0,205800.0,94.0,160240.0,October,October:1,,0.44,31.3,Afyon,Dinar
38_36,38,36,1,0,0,1,0.0,0.0,1016.0,July,July:1,,-0.51,0.0,Adana,Geyhan
38_38,38,38,1,0,0,0,0.0,15.0,20100.0,May,May:1,,-0.13,12.64,Adiyaman,Adiyaman
38_39,38,39,1,0,0,1,0.0,1.0,1000.0,May,May:1,,-0.42,3.16,Malatya,Poturge
38_40,38,40,1,0,0,0,0.0,30.0,0.0,March,March:1,,-0.04,15.66,Diyarbakir,Lice-Palu
38_41,38,41,1,0,0,0,17000.0,2385.0,53372.0,September,September:1,,0.82,43.85,Diyarbakir,Lice
38_44,38,44,1,0,1,1,0.0,40.0,105.0,November,November:1,,0.0,16.93,Van,Van province
38_48,38,48,1,0,0,0,76000.0,1100.0,38600.0,February,February:1,,0.75,41.62,Ardebil,Ardabil region
38_49,38,49,2,0,0,1,8000000.0,40001.0,1410010.0,June,June:1;July:1,,1.57,68.62,Gilan,Astara
38_69,38,69,1,0,0,1,0.0,0.0,6000.0,October,October:1,,-0.51,0.0,Khatlon,Farkhor region
38_72,38,72,3,1,2,2,6500.0,132.0,22816.0,January,January:2;December:1,0.0,0.73,41.16,Gorno-Badakhshan," Rushanskiy, Khorog, Vanj"
38_73,38,73,1,0,0,1,0.0,150.0,3513.0,March,March:1,,0.18,22.88,Gorno-Badakhshan,Haut-Badakhchan
39_-122,39,-122,2,1,1,2,750000.0,1.0,28424.0,August,August:1;September:1,,0.14,21.42,California,"Napa Valley, Napa valley"
39_-28,39,-28,2,0,0,0,5000.0,69.0,22900.0,January,January:1;February:1,,0.5,33.32,Azores," Sao Jorge Islands, Sao Jorge Isl."
39_117,39,117,1,0,0,0,0.0,3000.0,53810.0,July,July:1,,0.59,36.51,Tianjin,Tientsin
39_141,39,141,1,0,1,1,167000.0,23.0,448.0,June,June:1,,0.24,24.85,Miyagi,Kurihara
39_21,39,21,4,0,1,2,0.0,2.0,3759.0,June,June:2;August:1,0.0,0.09,19.95,Epirus And Western Macedonia,"Kanalaki, Lefkada, Leucade Island, Preveza region"
39_23,39,23,2,0,0,0,9000.0,2.0,11067.0,February,February:1;July:1,,0.08,19.46,Thessaly And Central Greece,"Eurytania, Volos"
39_25,39,25,1,0,0,1,0.0,0.0,300.0,July,July:1,,-0.51,0.0,Thessaly And Central Greece,Skyros
39_29,39,29,2,0,1,1,299600.0,1089.0,93569.0,March,March:1;May:1,,0.98,49.36,Kutahya,"Gediz, Simav"
39_31,39,31,1,0,0,1,95000.0,42.0,252327.0,February,February:1,,0.31,27.02,Afyon,Bolvadin
39_36,39,36,1,0,0,1,0.0,2.0,690.0,December,December:1,,-0.36,5.01,Kayseri,Kayseri
39_40,39,40,3,0,1,2,0.0,52.0,3602.0,January,January:1;March:1,0.0,0.38,29.4,Tunceli,"Basyurt, Pulumur"
39_41,39,41,5,0,0,3,160000.0,3449.0,491307.0,May,March:1;May:2;June:1;August:1,0.1471,1.47,65.38,Bingol,"Bingol, Bingol province, Karliova, Varto"
39_42,39,42,2,0,1,1,1500000.0,618.0,32938.0,July,July:1;October:1,,0.95,48.17,Bitlis,"Bitlis, Mus province"
39_44,39,44,2,0,0,0,25000.0,3843.0,216009.0,May,May:1;November:1,,1.09,52.97,Van,"Chaldoran, Muradiye"
39_45,39,45,1,0,0,0,1000.0,38.0,5100.0,April,April:1,,0.17,22.66,West Azarbaijan,Maku
39_47,39,47,1,0,1,1,500000.0,306.0,61546.0,August,August:1,,0.62,37.42,East Azarbaijan,Ahar
39_68,39,68,1,0,0,1,0.0,0.0,180.0,April,April:1,,-0.51,0.0,Leninabad,Pedzhikent
39_69,39,69,1,0,0,0,24800.0,274.0,12051.0,January,January:1,,0.53,34.33,Tadzhikistan Territories,Hisor
39_70,39,70,3,1,2,3,0.0,5.0,3736.0,January,January:1;May:1;July:1,0.0,0.08,19.47,Tadzhikistan Territories,"Garmskiy district, Nurobod, Roghun"
3_-73,3,-73,1,0,1,1,10000.0,11.0,1754.0,May,May:1,,0.07,19.26,Meta,Meta
3_-75,3,-75,1,0,0,0,600.0,61.0,40200.0,February,February:1,,0.23,24.33,Huila,Neiva
3_-76,3,-76,1,0,0,0,2400.0,271.0,37416.0,June,June:1,,0.47,32.27,Huila,Huila
3_-77,3,-77,1,0,0,0,0.0,2.0,867.0,November,November:1,,-0.36,5.01,Valle Del Cauca,Cali
3_126,3,126,1,0,1,1,9000.0,0.0,3049.0,February,February:1,,-0.27,7.84,Sulawesi Utara,Kepulauan Talaud
3_31,3,31,1,0,0,0,0.0,0.0,2000.0,August,August:1,,-0.51,0.0,Arua,Arua
3_96,3,96,2,0,1,2,0.0,10.0,167.0,April,April:1;November:1,,0.02,17.54,Aceh,"Simeulue, Simeulue Island"
3_98,3,98,1,0,0,0,2100.0,1.0,2172.0,November,November:1,,-0.22,9.75,Aceh,Kutacane
40_-116,40,-116,2,0,1,1,14600.0,0.0,855.0,January,January:1;December:1,,-0.06,14.87,Nevada,Eureka
40_-79,40,-79,1,0,0,1,200000.0,2.0,160.0,December,December:1,,-0.04,15.52,Pennsylvania,Cambria
40_116,40,116,9,1,1,4,6059500.0,242080.0,1604501.0,March,January:1;February:1;March:2;July:1;October:2;November:1,0.0577,2.4,96.22,Hebei,"Hebei, Hebei province, Hopeh, Pek, Sanjianfang, Tian Zhu, Yutian, Zangbei"
40_140,40,140,2,0,1,2,233000.0,1.0,2398.0,March,March:1;May:1,,0.11,20.42,Akita,Akita
40_141,40,141,1,0,1,1,110000.0,1.0,470.0,July,July:1,,-0.11,13.16,Aomori,Hachinohe
40_21,40,21,3,0,0,1,450000.0,26.0,17160.0,May,May:2;August:1,0.0,0.62,37.54,Epirus And Western Macedonia,"Grevena-Kozani, Konitsa, Michalitsi"
40_25,40,25,2,1,1,1,450600.0,22.0,82620.0,February,February:1;May:1,,0.46,32.12,Aegean,"Agios Efstratios, Limnos"
40_29,40,29,2,0,0,1,5000.0,29.0,13522.0,September,September:1;October:1,,0.38,29.46,Bursa,"Bursa, Bursa & Balikesir"
40_39,40,39,3,0,0,0,750000.0,653.0,351495.0,February,February:1;March:1,0.0,1.08,52.51,Erzincan,"Erzican province, Erzincan"
40_41,40,41,2,0,0,2,0.0,9.0,36560.0,March,March:2,,0.01,17.11,Erzurum,"Askale, Buyukgecit"
40_42,40,42,3,0,0,1,25000.0,1346.0,834847.0,July,July:1;October:1;November:1,0.0,1.09,52.88,Erzurum,"Erzurum area, Horasan"
40_44,40,44,1,0,0,1,0.0,18.0,356.0,July,July:1,,-0.1,13.43,Agri,Dogubeyazit
40_48,40,48,1,0,0,1,5000.0,1.0,9168.0,June,June:1,,-0.19,10.5,Aran,Udzhar
40_50,40,50,1,0,0,1,10000.0,31.0,3294.0,November,November:1,,0.21,23.74,Absheron,Baku
40_55,40,55,2,0,0,1,5000.0,11.0,14000.0,April,April:1;December:1,,0.25,25.28,Balkan,"Balkanabad, Kum-Dag"
40_64,40,64,2,0,0,0,90000.0,0.0,20100.0,March,March:1;May:1,,-0.01,16.44,Bukhoro,Gazli
40_69,40,69,1,0,1,1,0.0,0.0,0.0,July,July:1,,-0.51,0.0,Leninabad,Khujand
40_71,40,71,2,0,2,2,0.0,0.0,0.0,July,July:2,,-0.31,6.61,Batken,"Batken, Fergana region"
40_72,40,72,3,2,3,3,12000.0,74.0,22977.0,May,May:1;October:1;November:1,0.0,0.67,39.08,Osh," Shibee villages , Chong-Alay"
40_73,40,73,2,0,1,1,31000.0,4.0,53000.0,January,January:1;May:1,,0.18,22.86,Osh,"Alay, Osh"
41_-115,41,-115,1,0,1,1,0.0,0.0,2103.0,February,February:1,,-0.51,0.0,Nevada,Wells
41_-124,41,-124,1,0,0,0,75000.0,0.0,94.0,April,April:1,,-0.22,9.67,California,Petrolia
41_123,41,123,2,0,0,1,0.0,2000.0,62030.0,January,January:1;February:1,,0.74,41.27,Liaoning,"Anshan Liaoning, Xiuyan Manzu Zizhixian"
41_14,41,14,2,1,1,1,0.0,2.0,23672.0,August,August:1;September:1,,-0.16,11.62,Campania," Lacco Ameno , Pozzuoli"
41_141,41,141,1,0,0,0,131000.0,47.0,2781.0,May,May:1,,0.33,27.8,Aomori,Aomori Prefecture
41_15,41,15,2,0,0,0,20000000.0,4689.0,408700.0,March,March:1;November:1,,1.29,59.63,Campania,Avellino
41_16,41,16,1,0,0,0,0.0,2.0,16.0,May,May:1,,-0.36,5.01,Basilicata,Potenza area
41_20,41,20,2,0,0,0,5000.0,1.0,5695.0,January,January:1;November:1,,0.01,17.11,Fier,"Lushnje, Tirana"
41_22,41,22,1,0,0,0,0.0,0.0,1516.0,September,September:1,,-0.51,0.0,Demir Kapija,Demir Kapija
41_23,41,23,2,0,0,0,250000.0,51.0,600160.0,June,June:1;December:1,,0.56,35.33,Macedonia And Thrace,"Goumenisa, Thessaloniki"
41_27,41,27,1,1,1,1,450000.0,3.0,75002.0,May,May:1,,0.02,17.53,Tekirdag,Tekirdag
41_29,41,29,1,0,0,0,0.0,53.0,350.0,March,March:1,,0.04,18.19,Manisa,West Alasehir
41_30,41,30,1,0,0,1,0.0,1.0,166.0,August,August:1,,-0.42,3.16,Kocaeli,Izmit
41_31,41,31,1,0,0,1,0.0,3.0,200.0,November,November:1,,-0.32,6.32,Sakarya,Sakarya Province
41_32,41,32,2,0,0,2,21000000.0,17972.0,1583901.0,August,August:1;November:1,,1.48,65.8,Bolu,Bolu
41_33,41,33,1,0,0,1,0.0,2.0,23080.0,June,June:1,,-0.36,5.01,Cankiri,Orta
41_36,41,36,1,0,0,0,30000.0,0.0,26006.0,August,August:1,,-0.24,8.88,Amasya,Amasya
41_42,41,42,2,0,0,0,0.0,6.0,750073.0,September,September:1;October:1,,-0.04,15.48,Erzurum,"Erzurum-Senkaya, Olur-Senkaya"
41_44,41,44,1,0,0,0,14000000.0,25000.0,1642000.0,December,December:1,,1.31,60.35,Lori,Spitak
41_45,41,45,1,0,0,0,33333.0,0.0,15000.0,July,July:1,,-0.24,8.97,Tavush,Tavush region
41_69,41,69,1,0,0,0,300000.0,10.0,100000.0,April,April:1,,0.15,21.8,Tashkent,Tashkent
41_70,41,70,1,0,0,1,0.0,11.0,7003.0,July,July:1,,-0.17,11.33,Leninabad,Asht district
41_72,41,72,1,0,0,0,0.0,9.0,50000.0,May,May:1,,-0.19,10.5,Andijon,Andizhan oblast
41_74,41,74,1,0,0,0,0.0,0.0,3000.0,December,December:1,,-0.51,0.0,Osh,Uzgen
41_75,41,75,1,0,0,0,2000.0,0.0,1230.0,January,January:1,,-0.31,6.55,Naryn,Ak-Tala district
41_76,41,76,1,0,0,0,130000.0,54.0,86806.0,August,August:1,,0.35,28.41,Naryn,Naryn
41_85,41,85,25,4,11,17,513783.0,412.0,1941394.0,March,January:2;February:3;March:4;April:2;May:2;June:2;July:1;August:3;November:3;December:3,0.1415,1.93,80.61,Xinjiang Uygur,"Bachu Xian, Dabancheng, Gongliu, Jiashi, Jiashi Xian, Keping, Shawan, Shufu, Shule, Southern Xinjiang, Wuqia-Shufu, Xinjiang, Xinjiang Uygur Zizhiqu, Xinjiang province, Xinjiang region, Xinjinag Uygur Zizhiqu province, Zhaosu"
42_13,42,13,1,0,1,1,2500000.0,295.0,56000.0,April,April:1,,0.66,38.64,Abruzzo,Fossa
42_14,42,14,2,0,0,0,500.0,15.0,5083.0,February,February:1;May:1,,0.23,24.61,Abruzzo,"Abruzzo area, South"
42_15,42,15,1,0,0,1,796000.0,30.0,8533.0,October,October:1,,0.32,27.36,Molise,San Guliano di Puglia
42_19,42,19,1,0,0,0,0.0,0.0,80.0,May,May:1,,-0.51,0.0,Ulcinj,Kotor-Ulcinj
42_20,42,20,3,0,1,2,20000.0,11.0,2384.0,September,September:1;October:1;November:1,0.0,0.43,31.16,Diber,"Kukes, Peshkopi, Shupenze"
42_21,42,21,3,1,1,2,30000.0,8.0,22070.0,April,April:1;September:1;November:1,0.0,0.4,30.2,Debar,"Debar, Gjilan, Skopje province"
42_22,42,22,2,0,0,0,1000500.0,1082.0,3300.0,February,February:1;July:1,,1.01,50.37,Aracinovo,Skopje
42_25,42,25,1,0,0,1,0.0,0.0,527.0,February,February:1,,-0.51,0.0,Kardzhali,Kardzhali
42_43,42,43,1,0,0,0,0.0,2.0,4500.0,May,May:1,,-0.36,5.01,Samtskhe-Javakheti,Akhalkalaki
42_44,42,44,1,0,0,0,0.0,8.0,3740.0,June,June:1,,-0.21,10.02,Shida Kartli,Dzhava-Tskhinvazli
42_45,42,45,2,0,0,1,350000.0,7.0,19166.0,April,April:1;October:1,,0.31,27.09,Mtskheta-Mtianeti,"Barisakho, Tbilisi area"
42_46,42,46,1,0,1,1,0.0,0.0,15550.0,May,May:1,,-0.51,0.0,Shaki-Zaqatala,Balakan
42_47,42,47,1,0,1,1,0.0,0.0,6949.0,May,May:1,,-0.51,0.0,Shaki-Zaqatala,Zagatala
42_76,42,76,1,0,0,1,0.0,0.0,12050.0,December,December:1,,-0.51,0.0,Naryn,Semiz-Bel
43_-112,43,-112,1,0,0,0,15000.0,2.0,2.0,October,October:1,,-0.11,13.29,Idaho,Eastern Idaho
43_11,43,11,1,0,0,0,41600.0,22.0,4220.0,February,February:1,,0.2,23.46,Toscana,Toscana
43_13,43,13,8,3,3,4,9984900.0,319.0,83378.0,October,April:2;August:1;September:2;October:3,0.4824,1.45,64.7,Umbria," Posta ,  Ussita , Assisi, Gualdo Tadino-Nocera Umbra, Marche, Norcia , Perugia area, Val Nerina"
43_14,43,14,1,1,1,1,18000.0,29.0,11.0,January,January:1,,0.21,23.95,Abruzzo, Csatel Castagna
43_142,43,142,1,1,1,1,1250000.0,41.0,6280.0,September,September:1,,0.37,29.13,Hokkaido,Atsuma village
43_143,43,143,5,0,0,1,1922000.0,358.0,21250.0,January,January:1;March:1;July:1;September:1;October:1,0.0,1.22,57.2,Hokkaido,"Hokaido Island, Hokkaido, Hokkaidoo"
43_18,43,18,1,0,0,0,0.0,0.0,2000.0,September,September:1,,-0.51,0.0,Dubrovacko-Neretvanska,Slano
43_21,43,21,1,0,0,0,0.0,0.0,5100.0,May,May:1,,-0.51,0.0,Rasinski,Aleksandrovac
43_23,43,23,1,0,1,1,0.0,0.0,210.0,May,May:1,,-0.51,0.0,Pernik,Pernik
43_26,43,26,1,0,0,0,0.0,3.0,3060.0,December,December:1,,-0.32,6.32,Veliko Tarnovo,Strazhitsa
43_44,43,44,2,0,1,1,1700000.0,270.0,258806.0,April,April:1;September:1,,0.84,44.51,Racha-Lechkhumi-Kvemo Svaneti,"Oni, Oni district"
43_46,43,46,1,0,1,1,0.0,13.0,5235.0,October,October:1,,-0.15,12.03,Chechnya,Chechnya
43_47,43,47,2,0,0,2,900.0,1.0,11260.0,February,February:2,,-0.04,15.63,Dagestan,"Kizilyurt area, Makhachkala"
44_114,44,114,4,0,0,3,241291.0,22.0,857900.0,March,March:1;May:1;August:1;November:1,0.0,0.7,39.91,Nei Mongol,"Balin-Zuo Qi, Guyang county, Inner Mongolia Autonomous, Nei Mongol Zizhiqu"
44_126,44,126,3,2,3,3,29000.0,30.0,71054.0,May,May:1;October:1;November:1,0.0,0.57,35.81,Jilin,"Jilin Sheng, Ningjiang , Yangi"
44_13,44,13,1,0,0,0,0.0,1.0,450.0,February,February:1,,-0.42,3.16,Marche,Ancona
44_18,44,18,1,0,0,0,5000.0,0.0,44.0,August,August:1,,-0.29,7.34,Repuplika Srpska,Banja Luka
44_21,44,21,1,0,1,1,132260.0,2.0,27030.0,November,November:1,,-0.05,15.17,Raski,Kraljevo
44_26,44,26,2,0,0,0,0.0,40.0,330.0,March,March:2,,0.2,23.54,Bucharest,"Bucharest, Ruse"
44_6,44,6,1,0,0,0,0.0,11.0,2.0,October,October:1,,-0.17,11.33,Provence-Alpes-Cote D'Azur,Cote d'Azur
44_72,44,72,1,0,0,1,0.0,3.0,36626.0,May,May:1,,-0.32,6.32,Zhambyl,Zhambyl province
44_86,44,86,1,1,1,1,135000.0,0.0,9120.0,December,December:1,,-0.2,10.17,Xinjiang Uygur,Near Shihezi district 
45_11,45,11,2,0,2,2,15800000.0,24.0,25400.0,May,May:2,,0.57,35.56,Emilia-Romagna,"Emilia Romagna, Finale Emilia"
45_21,45,21,1,0,0,0,0.0,0.0,4005.0,December,December:1,,-0.51,0.0,Timis,Vouteg
45_22,45,22,1,0,0,0,0.0,0.0,1845.0,July,July:1,,-0.51,0.0,Mehedinti,Orsova
45_28,45,28,1,0,0,0,0.0,1.0,0.0,May,May:1,,-0.42,3.16,Braila,Bucharest-Braila-Brasov
45_9,45,9,1,0,0,1,561352.0,0.0,232.0,April,April:1,,-0.17,11.4,Piemonte,Alessandria
46_13,46,13,2,0,0,0,3600000.0,934.0,250222.0,May,May:1;September:1,,1.03,50.8,Friuli-Venezia Giulia,Friuli
46_14,46,14,2,0,0,2,10000.0,1.0,605.0,April,April:1;July:1,,0.02,17.7,Gorenjska,"Bojinj, Bovec area"
47_14,47,14,1,0,0,1,0.0,0.0,0.0,April,April:1,,-0.51,0.0,Karnten,Arnoldstein
47_142,47,142,1,0,0,1,420000.0,2.0,7512.0,August,August:1,,-0.02,16.16,Sakhalin,Nevelsk
48_20,48,20,1,1,1,1,0.0,0.0,1800.0,April,April:1,,-0.51,0.0,Heves,Heves region
48_8,48,8,1,0,0,1,12000.0,0.0,150.0,December,December:1,,-0.27,8.09,Baden-Wurttemberg,Waldkirch
48_9,48,9,1,0,0,0,150000.0,0.0,235.0,September,September:1,,-0.2,10.26,Baden-Wurttemberg,Swabian Alb
49_142,49,142,1,0,0,1,920.0,0.0,19108.0,August,August:1,,-0.33,5.88,Sakhalin,Uglegorsky
4_32,4,32,1,0,0,0,0.0,0.0,8000.0,May,May:1,,-0.51,0.0,Moyo,Moyo area
4_97,4,97,3,2,2,3,500000.0,4.0,3253.0,January,January:1;October:1;December:1,,0.39,29.94,Aceh,"Aceh Province, Aceh province, Nangroe Aceh Darussalam"
50_144,50,144,1,0,0,0,0.0,11.0,2342.0,October,October:1,,-0.17,11.33,Sakhalin,Iturup
50_19,50,19,1,0,0,0,0.0,0.0,1050.0,June,June:1,,-0.51,0.0,Slaskie,Bytom
50_88,50,88,1,0,0,1,10600.0,3.0,1805.0,September,September:1,,-0.08,14.3,Gorno-Altay,Kosh-Agach
51_1,51,1,1,0,0,1,60000.0,0.0,4501.0,April,April:1,,-0.22,9.48,England,Folkestone
51_6,51,6,2,0,0,0,150000.0,2.0,1030.0,April,April:1;November:1,,0.15,21.88,Limburg,"Roermond, Seraing"
51_7,51,7,1,0,0,0,100000.0,0.0,0.0,April,April:1,,-0.21,9.92,Nordrhein-Westfalen,Bonn
52_-3,52,-3,1,0,0,0,0.0,0.0,0.0,April,April:1,,-0.51,0.0,Wales,Powys
52_72,52,72,1,0,0,0,0.0,0.0,1508.0,August,August:1,,-0.51,0.0,Aqmola,Akkol
53_142,53,142,1,0,0,0,64100.0,1989.0,750.0,May,May:1,,0.83,44.17,Sakhalin,Neftegorsk
54_159,54,159,1,0,0,1,55000.0,0.0,12040.0,April,April:1,,-0.23,9.4,Kamchatka,Koryakskiy
55_51,55,51,1,0,0,1,0.0,0.0,138.0,May,May:1,,-0.51,0.0,Tatarstan,Tatarsky
56_161,56,161,1,0,0,0,0.0,0.0,0.0,March,March:1,,-0.51,0.0,Kamchatka,Kamchatka Peninsula
5_-74,5,-74,1,1,1,1,0.0,0.0,41236.0,March,March:1,,-0.51,0.0,Cundinamarca,Bogoto
5_-76,5,-76,1,0,0,0,0.0,40.0,15097.0,February,February:1,,0.0,16.93,Risaralda,Pereira
5_-77,5,-77,1,0,0,1,0.0,0.0,8036.0,November,November:1,,-0.51,0.0,Choco,Bajo Baudo
5_100,5,100,1,0,0,1,500000.0,2.0,0.0,December,December:1,,-0.02,16.31,Pulau Pinang,Penang Island
5_117,5,117,1,1,1,1,2.0,24.0,10.0,June,June:1,,-0.04,15.62,Sabah,Sabah region
5_32,5,32,1,0,0,0,0.0,0.0,8000.0,May,May:1,,-0.51,0.0,Central Equatoria,Juba
5_96,5,96,1,1,1,1,100000.0,104.0,86018.0,December,December:1,,0.43,31.14,Aceh,Pidie Jaya district 
5_97,5,97,1,1,1,1,130000.0,48.0,55935.0,July,July:1,,0.33,27.89,Aceh,Bener Meriah
61_-149,61,-149,1,0,0,0,311000.0,131.0,0.0,March,March:1,,0.49,33.16,Alaska,Anchorage
64_-19,64,-19,2,0,0,2,24000.0,0.0,199.0,June,June:2,,-0.05,15.3,Sudurland,Sudurland
64_-22,64,-22,1,0,0,0,0.0,1.0,6.0,January,January:1,,-0.42,3.16,Hofudborgarsv??di,Nordurland Eystra
6_-73,6,-73,1,0,0,0,0.0,7.0,2845.0,January,January:1,,-0.22,9.48,Boyaca,Boyaca Province
6_-76,6,-76,2,0,0,1,1857366.0,1197.0,1207568.0,January,January:1;October:1,,1.04,51.36,Antioquia,"Armenia, Murindo Apartado Medellin"
6_-77,6,-77,1,0,0,0,400.0,0.0,3006.0,September,September:1,,-0.35,5.16,Choco,Bahia Solano
6_121,6,121,1,0,0,0,134000.0,6000.0,181348.0,August,August:1,,1.0,49.84,Sulu,Sulu
6_125,6,125,1,0,0,1,1714.0,15.0,73451.0,March,March:1,,0.07,19.06,South Cotabato,General Santos city
6_95,6,95,1,0,0,0,1000.0,0.0,100.0,April,April:1,,-0.33,5.95,Aceh,Banda Aceh
7_-71,7,-71,1,0,0,0,0.0,2.0,3071.0,July,July:1,,-0.36,5.01,Arauca,Puerto Rondon
7_-78,7,-78,1,0,0,1,0.0,2.0,430.0,November,November:1,,-0.36,5.01,Choco,Jurado
7_100,7,100,1,0,0,1,500000.0,2.0,0.0,December,December:1,,-0.02,16.31,Satun,Satun
7_125,7,125,1,0,1,1,90.0,0.0,392.0,September,September:1,,-0.39,3.89,South Cotabato,Norala
7_126,7,126,2,1,1,1,13974.0,10.0,17032.0,February,February:1;March:1,,0.27,25.77,Davao Oriental,"Caraga, Mindanao"
7_82,7,82,1,0,0,1,500000.0,2.0,0.0,December,December:1,,-0.02,16.31,Ampara,Ampara
8_-72,8,-72,1,0,0,0,0.0,0.0,186.0,November,November:1,,-0.51,0.0,Tachira,San Cristobal
8_-83,8,-83,1,0,0,1,0.0,2.0,135.0,December,December:1,,-0.36,5.01,Chiriqui,Puerto Armuelles
8_125,8,125,2,0,1,1,0.0,0.0,4219.0,May,May:1;September:1,,-0.31,6.61,Bukidnon,"Cagayan De Oro, Maramag"
9_-64,9,-64,1,0,0,0,1000.0,2.0,850.0,June,June:1,,-0.18,10.96,Anzoategui,Eastern Venezuela
9_-79,9,-79,1,0,0,1,0.0,0.0,340.0,August,August:1,,-0.51,0.0,Panama,Panama city
9_-82,9,-82,2,0,0,0,100000.0,47.0,10419.0,April,April:1;May:1,,0.52,34.18,Bocas Del Toro,"Bocas Del Toro, Bocas del Toro area"
9_-84,9,-84,2,0,0,1,0.0,8.0,590.0,March,March:1;November:1,,-0.01,16.63,Puntarenas,"Aguirre, Puntarenas"
9_76,9,76,1,0,0,1,500000.0,2.0,0.0,December,December:1,,-0.02,16.31,Kerala,Alappuzha
